{
    "name": "Voyager",
    "vendorId": "0x3297",
    "productId": "0x1977",
    "lighting": "qmk_rgblight",
    "matrix": { "rows": 12, "cols": 7 },
    "layouts": {
        "keymap": [
            [{ "x": 3 }, "0,4", { "x": 10.5 }, "6,2"],
            [
                { "y": -0.87, "x": 2 },
                "0,3",
                { "x": 1 },
                "0,5",
                { "x": 8.5 },
                "6,1",
                { "x": 1 },
                "6,3"
            ],
            [{ "y": -0.8799999999999999, "x": 5 }, "0,6", { "x": 6.5 }, "6,0"],
            [{ "y": -0.87 }, "0,1", "0,2", { "x": 14.5 }, "6,4", "6,5"],
            [{ "y": -0.3799999999999999, "x": 3 }, "1,4", { "x": 10.5 }, "7,2"],
            [
                { "y": -0.8700000000000001, "x": 2 },
                "1,3",
                { "x": 1 },
                "1,5",
                { "x": 8.5 },
                "7,1",
                { "x": 1 },
                "7,3"
            ],
            [{ "y": -0.8799999999999999, "x": 5 }, "1,6", { "x": 6.5 }, "7,0"],
            [{ "y": -0.875 }, "1,1"],
            [
                { "y": -0.9950000000000001, "x": 1 },
                "1,2",
                { "x": 14.5 },
                "7,4",
                "7,5"
            ],
            [{ "y": -0.3799999999999999, "x": 3 }, "2,4", { "x": 10.5 }, "8,2"],
            [
                { "y": -0.8700000000000001, "x": 2 },
                "2,3",
                { "x": 1 },
                "2,5",
                { "x": 8.5 },
                "8,1",
                { "x": 1 },
                "8,3"
            ],
            [{ "y": -0.8799999999999999, "x": 5 }, "2,6", { "x": 6.5 }, "8,0"],
            [{ "y": -0.875 }, "2,1"],
            [
                { "y": -0.9950000000000001, "x": 1 },
                "2,2",
                { "x": 14.5 },
                "8,4",
                "8,5"
            ],
            [{ "y": -0.3799999999999999, "x": 3 }, "3,4", { "x": 10.5 }, "9,2"],
            [
                { "y": -0.8700000000000001, "x": 2 },
                "3,3",
                { "x": 1 },
                "3,5",
                { "x": 8.5 },
                "9,1",
                { "x": 1 },
                "9,3"
            ],
            [{ "y": -0.8799999999999999, "x": 5 }, "4,4", { "x": 6.5 }, "10,2"],
            [{ "y": -0.875 }, "3,1"],
            [
                { "y": -0.9950000000000001, "x": 1 },
                "3,2",
                { "x": 14.5 },
                "9,4",
                "9,5"
            ],
            [
                {
                    "r": 30,
                    "rx": 6.5,
                    "ry": 4.25,
                    "y": 0.5999999999999996,
                    "x": -1
                },
                "5,0",
                { "h": 1.5 },
                "5,1"
            ],
            [{ "r": -30, "rx": 13, "x": -2, "h": 1.5 }, "11,5", "11,6"]
        ]
    }
}
